{
  "weights": [
    2.604012134161472,
    1.5502642643797029,
    0.9374510771770551,
    1.8734026135982083,
    -2.5493996163282118
  ],
  "bias": -1.5281320174790671,
  "f1": 0.8850574712643677,
  "accuracy": 0.84,
  "precision": 0.8392370572207084,
  "recall": 0.9361702127659575
}
